tf,celltype_or_cluster,expected_higher_group_main,main_regulon,n_lesion,n_internal_control,mean_log1p_norm_expr_lesion,mean_log1p_norm_expr_internal_control,positive_fraction_lesion,positive_fraction_internal_control,log2fc_lesion_vs_internal_control,mannwhitney_u,p_value,direction_consistent_with_main,fdr_bh
NFE2L2,cluster_2,lesion,NFE2L2(+),2038,2239,0.42249046449623084,0.2891616878594951,0.4234543670264966,0.21572130415364002,0.24350192340386256,2669791.0,1.4480440047836078e-31,True,4.054523213394102e-30
NFE2L2,cluster_4,lesion,NFE2L2(+),1287,2523,0.21789776426760746,0.18105405276306716,0.3317793317793318,0.17082837891399127,-0.11347570185928528,1834359.0,2.806170083067795e-19,False,2.244936066454236e-18
NFE2L2,cluster_3,lesion,NFE2L2(+),181,3681,0.0727066446537206,0.13214310015594594,0.03867403314917127,0.12795436022819887,0.20172778406306316,304323.5,0.000585147279140226,True,0.0014563665614156735
NFE2L2,cluster_16,lesion,NFE2L2(+),529,1229,0.2925276529089387,0.1889008459600334,0.5293005671077504,0.22213181448331978,0.303105290650022,407852.0,7.143998739829251e-25,True,8.009121625529199e-24
NFE2L2,cluster_10,lesion,NFE2L2(+),805,1646,0.4316025944776158,0.38162561880020524,0.20248447204968945,0.201093560145808,0.43261410047512605,671473.0,0.4372058388807649,True,0.5564437949391553
NFE2L2,cluster_18,lesion,NFE2L2(+),59,1540,0.40133810480305304,0.282069216154137,0.5423728813559322,0.34415584415584416,0.40887591994640343,53326.5,0.0078094111437380575,True,0.016820270155743507
NFE2L2,cluster_26,lesion,NFE2L2(+),291,712,0.2945199023005309,0.19755289953856814,0.48109965635738833,0.22191011235955055,0.28835192040463564,125851.0,3.6935274649616526e-11,True,1.5910579849065578e-10
NFE2L2,cluster_28,lesion,NFE2L2(+),405,373,0.3034979713682177,0.1728124329795496,0.6296296296296297,0.3163538873994638,0.7651647232764697,96965.0,1.5299132925090906e-13,True,8.159537560048482e-13
NFE2L2,cluster_9,lesion,NFE2L2(+),57,2739,0.3778089263542409,0.4933463362756489,0.40350877192982454,0.38809784592917124,-0.6072327899384765,74236.0,0.47028433708706674,False,0.5788114917994668
NFE2L2,cluster_5,lesion,NFE2L2(+),1426,2039,0.19431045789439408,0.15242444678100028,0.43548387096774194,0.2030407062285434,0.03120254656198559,1727272.0,2.0658294888835637e-31,True,4.6274580550991826e-30
NFE2L2,cluster_29,lesion,NFE2L2(+),132,446,0.7444836104788319,0.46686591043581405,0.75,0.45739910313901344,0.5919459961690204,37873.0,1.163643230309459e-07,True,4.072751306083107e-07
NFE2L2,cluster_14,lesion,NFE2L2(+),685,1438,0.24277569190755208,0.20155004306484273,0.4,0.19193324061196107,-0.15112709515998143,571946.0,5.71149427538044e-15,False,3.463555651516054e-14
NFE2L2,cluster_8,lesion,NFE2L2(+),64,3136,0.4860878416440108,0.37065158823045224,0.296875,0.20982142857142858,0.3377545538602846,108048.5,0.14075305361711812,True,0.22203298598756663
NFE2L2,cluster_31,lesion,NFE2L2(+),90,206,0.5380367869470284,0.43932714933842154,0.4666666666666667,0.32524271844660196,0.23030706858477934,10203.0,0.11142322359498172,True,0.1862597170542978
NFE2L2,cluster_30,lesion,NFE2L2(+),226,273,0.5737823917670265,0.38655869953326183,0.4026548672566372,0.2087912087912088,0.36093491703240665,35721.0,0.00016797396065308,True,0.0004479305617415467
NFE2L2,cluster_22,lesion,NFE2L2(+),1372,37,0.2333749723852635,0.22285672271666207,0.18440233236151604,0.16216216216216217,-0.14794655983533803,25816.5,0.7924980385053411,False,0.8591165208273471
NFE2L2,cluster_0,lesion,NFE2L2(+),2105,2721,0.1984685521135751,0.1530593830736706,0.12969121140142517,0.08011760382212423,0.1299087035870336,2996408.0,1.4094729796546506e-07,True,4.783665870343057e-07
NFE2L2,cluster_32,lesion,NFE2L2(+),84,128,0.6748702033183517,0.4357097016210233,0.6428571428571429,0.3515625,0.5430789124293987,6584.0,0.0026950554440976692,True,0.006160126729366101
NFE2L2,cluster_27,lesion,NFE2L2(+),372,423,0.2849142568871186,0.20355095180443394,0.6102150537634409,0.2789598108747045,0.23624514888251327,98568.5,1.0158005272856558e-11,True,4.672504475070198e-11
NFE2L2,cluster_13,lesion,NFE2L2(+),2157,167,0.7230440674338422,0.40637816914549135,0.5229485396383866,0.30538922155688625,0.7966865325534834,222301.5,7.348282996349885e-08,True,2.65486353416512e-07
NFE2L2,cluster_15,lesion,NFE2L2(+),747,1342,0.21523843325859096,0.15737915579334444,0.46586345381526106,0.349478390461997,0.4365513220580241,561931.5,1.7871180650214842e-07,True,5.886977155364889e-07
NFE2L2,cluster_19,lesion,NFE2L2(+),727,721,0.7192090982695302,0.4886155228141411,0.6519944979367263,0.30513176144244103,0.10667656177200209,324731.0,1.942904850341724e-17,True,1.3600333952392067e-16
NFE2L2,cluster_25,lesion,NFE2L2(+),529,607,0.696928699379871,0.48659076655411326,0.4820415879017013,0.25370675453047775,0.0752908255136555,188012.0,6.8122185985242215e-09,True,2.5432282767823763e-08
NFE2L2,cluster_24,lesion,NFE2L2(+),1183,87,0.5610630666120537,0.510869253531202,0.3558748943364328,0.2988505747126437,0.0817594263628495,53506.0,0.4678410256500849,True,0.5788114917994668
NFE2L2,cluster_12,lesion,NFE2L2(+),1692,659,0.6871717455003761,0.5231770613860242,0.6708037825059102,0.4142640364188164,0.1406279134898588,654749.5,1.0429697488995977e-11,True,4.672504475070198e-11
NFE2L2,cluster_11,lesion,NFE2L2(+),1765,653,0.7223528686529952,0.8137025008583556,0.48441926345609065,0.45788667687595713,-0.4496225682257318,549618.0,0.05892383489132468,False,0.10311671105981819
NFE2L2,cluster_23,lesion,NFE2L2(+),1261,49,0.5398718175800381,0.6598142544118945,0.39492466296590006,0.6122448979591837,0.04215558684090369,27317.0,0.12075117401860756,True,0.19600190565339198
NFE2L2,cluster_20,lesion,NFE2L2(+),1415,31,0.2692275701211877,0.16653219387254337,0.5773851590106007,0.3870967741935484,0.7983446367412333,26227.0,0.05188251794079416,True,0.09372325821562816
THRB,cluster_2,internal_control,THRB(+),2038,2239,1.4645283801376883,1.3090524933464471,0.8464180569185475,0.7007592675301474,0.06515252210927681,2423284.5,0.0004064486890570855,False,0.0010345966630543994
THRB,cluster_4,internal_control,THRB(+),1287,2523,1.861558804926538,1.7198944182438076,0.9362859362859363,0.8644470868014269,0.14180137636713488,1747034.5,0.0001191006657294327,False,0.0003253481600413771
THRB,cluster_3,internal_control,THRB(+),181,3681,0.6345020221244743,1.5826467075631434,0.27071823204419887,0.8187992393371366,-0.5983491367327683,172435.5,3.0118320976578835e-28,True,4.216564936721037e-27
THRB,cluster_16,internal_control,THRB(+),529,1229,1.603990607355946,1.3163630044879593,0.9640831758034026,0.7941415785191213,0.2704846799782417,386463.0,2.9678546805492553e-10,False,1.1462059455914366e-09
THRB,cluster_10,internal_control,THRB(+),805,1646,0.2620532589109539,0.6672824976789007,0.12298136645962733,0.32563791008505466,-1.2891540890833173,531993.0,7.151001451365356e-25,True,8.009121625529199e-24
THRB,cluster_18,internal_control,THRB(+),59,1540,1.636786087776995,1.6567111904868645,0.9322033898305084,0.9188311688311688,-0.04913858916382865,43137.0,0.510010500073165,True,0.6208823479151573
THRB,cluster_26,internal_control,THRB(+),291,712,2.0693943765277343,1.624502070303829,0.9725085910652921,0.8455056179775281,0.5086885589404168,136116.0,5.413667348160408e-15,False,3.463555651516054e-14
THRB,cluster_28,internal_control,THRB(+),405,373,1.9379317645771952,1.926059810057755,0.9851851851851852,0.9731903485254692,0.03182736263484994,75229.5,0.9230458041928402,False,0.9313615321585414
THRB,cluster_9,internal_control,THRB(+),57,2739,0.9832948890789301,0.9513757599232336,0.5789473684210527,0.6049653158086893,0.21503416014263038,79629.5,0.7884817018184319,False,0.8591165208273471
THRB,cluster_5,internal_control,THRB(+),1426,2039,1.9549066588994204,2.045864326461699,0.9894810659186536,0.9455615497793036,-0.2457297377020447,1203529.5,5.7945520846933266e-18,True,4.32659888990435e-17
THRB,cluster_29,internal_control,THRB(+),132,446,1.0561257761825014,1.1899052096805844,0.8106060606060606,0.7668161434977578,-0.4247267410246094,25706.0,0.026065779278305275,True,0.0503339186063826
THRB,cluster_14,internal_control,THRB(+),685,1438,1.9614684316501745,1.878151124005908,0.9576642335766423,0.8998609179415855,0.016144139126597325,508357.0,0.23011655857206026,False,0.3391191389482993
THRB,cluster_8,internal_control,THRB(+),64,3136,0.41749641183329167,0.5502596839694411,0.21875,0.2710459183673469,-0.36640845683514073,94136.0,0.2771455109413081,True,0.3880037153178314
THRB,cluster_31,internal_control,THRB(+),90,206,0.7376224002364759,0.661980514752122,0.45555555555555555,0.441747572815534,0.26325073253562453,9762.5,0.42529601291185226,False,0.5475075108750281
THRB,cluster_30,internal_control,THRB(+),226,273,0.5958477164590644,0.6002258275992199,0.39823008849557523,0.32234432234432236,-0.18257725171626127,31659.0,0.5556034500242826,True,0.6619956000289324
THRB,cluster_22,internal_control,THRB(+),1372,37,1.381583737782546,0.9975325111018757,0.7521865889212828,0.4594594594594595,0.2113853889194093,29195.0,0.11543663331823285,False,0.1901309254653247
THRB,cluster_0,internal_control,THRB(+),2105,2721,0.8736864733562831,0.9604450847613023,0.4479809976247031,0.4189636163175303,-0.3766310028054907,2750727.0,0.009096759020732316,True,0.019223339817396594
THRB,cluster_32,internal_control,THRB(+),84,128,1.1288993212019942,1.0199767052311515,0.7857142857142857,0.6796875,0.1534760564880777,5755.0,0.3810863530756107,False,0.5081151374341475
THRB,cluster_27,internal_control,THRB(+),372,423,1.6233153096457393,1.5646115257385982,0.9838709677419355,0.9148936170212766,-0.04639509104506089,80414.5,0.5910114187437302,True,0.6967713568347135
THRB,cluster_13,internal_control,THRB(+),2157,167,0.8848510002523284,0.9237964394099029,0.6119610570236439,0.5568862275449101,-0.2317053720944713,173125.5,0.3885214888019318,True,0.5119341970096043
THRB,cluster_15,internal_control,THRB(+),747,1342,1.781172195409416,2.013232172248089,0.9611780455153949,0.9761549925484352,-0.3477789661065593,369399.5,1.911398010340688e-23,True,1.7839714763179754e-22
THRB,cluster_19,internal_control,THRB(+),727,721,1.05304423488873,0.8943005015569698,0.7799174690508941,0.4646324549237171,-0.2955089958314713,290999.5,0.00018689980559943883,True,0.0004868087959799337
THRB,cluster_25,internal_control,THRB(+),529,607,0.8321249761343058,0.8032401676784104,0.5614366729678639,0.3673805601317957,-0.5406269577712279,170179.5,0.056937985431428535,True,0.1012230852114285
THRB,cluster_24,internal_control,THRB(+),1183,87,0.22594323920804918,0.4016537677194456,0.1445477599323753,0.25287356321839083,-0.7075391597748457,45770.0,0.005795529080959718,True,0.012981985141349768
THRB,cluster_12,internal_control,THRB(+),1692,659,1.0005121471279792,0.8964470406616503,0.774822695035461,0.5796661608497724,-0.10655669218403813,601953.0,0.002369711246712974,True,0.005529326242330272
THRB,cluster_11,internal_control,THRB(+),1765,653,0.3243663996132773,0.5934751819798536,0.2470254957507082,0.33996937212863704,-1.393016917491563,500726.5,2.562043896683534e-10,True,1.0248175586734135e-09
THRB,cluster_23,internal_control,THRB(+),1261,49,0.5738191393347091,0.7867675551638477,0.4076130055511499,0.6122448979591837,-0.3503033078734853,25589.5,0.022459024824533956,True,0.04491804964906791
THRB,cluster_20,internal_control,THRB(+),1415,31,1.7540673357018493,1.6596264443964175,0.9738515901060071,0.967741935483871,0.20009717817817677,24733.0,0.22342438306168266,False,0.33364707870544613
BHLHE40,cluster_2,lesion,BHLHE40(+),2038,2239,0.022434445994572144,0.04062581455284018,0.02649656526005888,0.026797677534613668,-1.5653677305580793,2279779.0,0.8756163203601841,False,0.9155898802098231
BHLHE40,cluster_4,lesion,BHLHE40(+),1287,2523,0.023426344266248372,0.025928710283228344,0.035742035742035744,0.024177566389219182,-0.47721308183098393,1641617.5,0.049324433600586866,False,0.09056289447976605
BHLHE40,cluster_3,lesion,BHLHE40(+),181,3681,0.09001645171756831,0.046266569613544924,0.049723756906077346,0.04699809834284162,1.9698044561599117,334509.0,0.7977510550539652,True,0.8591165208273471
BHLHE40,cluster_16,lesion,BHLHE40(+),529,1229,0.03888943365279692,0.039779724425442,0.07183364839319471,0.043938161106590726,-0.21891704373952728,333604.5,0.023502880825652682,False,0.04618109916619474
BHLHE40,cluster_10,lesion,BHLHE40(+),805,1646,0.027165900077578558,0.029262869032707365,0.012422360248447204,0.015795868772782502,0.24646258136460658,660337.0,0.5253721809083078,True,0.6327062823841987
BHLHE40,cluster_18,lesion,BHLHE40(+),59,1540,0.06360362106714651,0.0366216582688615,0.15254237288135594,0.052597402597402594,0.5095077254886836,49780.0,0.0017558691640113023,True,0.00418419885892055
BHLHE40,cluster_26,lesion,BHLHE40(+),291,712,0.011754480627432309,0.01845340074529817,0.024054982817869417,0.019662921348314606,-1.0312525838048567,104019.0,0.6824131315543757,False,0.7704968917821177
BHLHE40,cluster_28,lesion,BHLHE40(+),405,373,0.04553216861401044,0.018314537494700706,0.15555555555555556,0.04289544235924933,1.196021984048304,83829.0,4.3236172588803643e-07,True,1.3835575228417166e-06
BHLHE40,cluster_9,lesion,BHLHE40(+),57,2739,0.08841703761346882,0.06341267003578155,0.10526315789473684,0.05951077035414385,0.20016643004651916,81501.0,0.1675026144661943,True,0.256990312605668
BHLHE40,cluster_5,lesion,BHLHE40(+),1426,2039,0.09695973159778425,0.04750111090635365,0.23983169705469845,0.06522805296714075,0.7742950076139504,1695611.5,2.8920884416385146e-44,True,1.0797130182117121e-42
BHLHE40,cluster_29,lesion,BHLHE40(+),132,446,0.1235998655554121,0.07361632639963064,0.24242424242424243,0.08744394618834081,0.43097518532650936,33670.0,1.0557282661726339e-05,True,2.9560391452833745e-05
BHLHE40,cluster_14,lesion,BHLHE40(+),685,1438,0.03164742900616702,0.016937518873875797,0.072992700729927,0.017385257301808066,0.5200168605181191,519413.5,1.8958395910976384e-10,True,7.864223488997612e-10
BHLHE40,cluster_8,lesion,BHLHE40(+),64,3136,0.0,0.006487966824754358,0.0,0.003826530612244898,-4.445821540191083,99968.0,0.6205450238310904,False,0.7239691944696055
BHLHE40,cluster_31,lesion,BHLHE40(+),90,206,0.03826255392111937,0.027908170173445216,0.044444444444444446,0.024271844660194174,0.131155065095085,9453.0,0.3650568083138891,True,0.49861417720921436
BHLHE40,cluster_30,lesion,BHLHE40(+),226,273,0.19472146468308305,0.07818674202191211,0.17256637168141592,0.04395604395604396,0.8110863826767388,34660.5,6.139923446686459e-06,True,1.763260066740727e-05
BHLHE40,cluster_22,lesion,BHLHE40(+),1372,37,0.14408808774705087,0.15238294972443653,0.12026239067055394,0.10810810810810811,-1.1316819514898362,25713.5,0.8101862686700287,False,0.864198686581364
BHLHE40,cluster_0,lesion,BHLHE40(+),2105,2721,0.04834940136116578,0.033039964166550306,0.03657957244655582,0.023153252480705624,0.25619938489935157,2902152.0,0.0060621065083879665,True,0.013312861351753965
BHLHE40,cluster_32,lesion,BHLHE40(+),84,128,0.009268999310267294,0.016682163285869925,0.011904761904761904,0.015625,-1.1329814582521198,5356.0,0.827289090348678,False,0.8741167747080372
BHLHE40,cluster_27,lesion,BHLHE40(+),372,423,0.04014819762463783,0.07490227886216297,0.11559139784946236,0.09929078014184398,-1.2527786269867964,79374.5,0.6879436533768908,False,0.7704968917821177
BHLHE40,cluster_13,lesion,BHLHE40(+),2157,167,0.03797635887606006,0.0543863060922574,0.03569772832637923,0.04790419161676647,-0.7823741128497788,177879.0,0.41175822623974456,False,0.5362432713819929
BHLHE40,cluster_15,lesion,BHLHE40(+),747,1342,0.11749868849749118,0.038259201571453245,0.3078982597054886,0.10655737704918032,1.6704619443971938,601836.5,4.004451809532214e-30,True,7.474976711126799e-29
BHLHE40,cluster_19,lesion,BHLHE40(+),727,721,0.35058338343122086,0.5505351824472007,0.40027510316368636,0.30513176144244103,-1.513831645296094,261168.5,0.892907067923038,False,0.917482491810828
BHLHE40,cluster_25,lesion,BHLHE40(+),529,607,0.09132209755739783,0.1889210037602678,0.07750472589792061,0.09555189456342669,-1.8686865183467611,156751.0,0.1590558143090911,False,0.24742015559191946
BHLHE40,cluster_24,lesion,BHLHE40(+),1183,87,0.02227281585891761,0.0,0.013524936601859678,0.0,6.000351077363499,52156.5,0.2755372575416538,True,0.3880037153178314
BHLHE40,cluster_12,lesion,BHLHE40(+),1692,659,0.1277482354647888,0.10254558424457116,0.18439716312056736,0.09863429438543247,-0.10470948937726988,600802.0,4.5641325494758905e-06,False,1.3815752582197291e-05
BHLHE40,cluster_11,lesion,BHLHE40(+),1765,653,0.018733245583174674,0.01970157142843966,0.019263456090651557,0.013782542113323124,-0.4987808658241468,579340.0,0.3794287653653792,False,0.5081151374341475
BHLHE40,cluster_23,lesion,BHLHE40(+),1261,49,0.17587868674481272,0.1913021410684619,0.1379857256145916,0.1836734693877551,0.20545919946881805,29715.5,0.45170442288752255,True,0.5684370265550845
BHLHE40,cluster_20,lesion,BHLHE40(+),1415,31,0.06151256841330544,0.051039792381803874,0.223321554770318,0.0967741935483871,0.020980511539986053,24495.0,0.12474484264470545,True,0.19959174823152873
SOX2,cluster_2,lesion,SOX2(+),2038,2239,0.35132286459539036,0.1746110422381603,0.373405299313052,0.1397945511389013,0.701737368415613,2769846.5,6.62997811652211e-57,True,7.425575490504763e-55
SOX2,cluster_4,lesion,SOX2(+),1287,2523,0.2071049323135034,0.09187640105119257,0.30225330225330227,0.09274673008323424,0.9518343325180941,1943660.0,4.792716334096053e-54,True,2.6839211470937898e-52
SOX2,cluster_3,lesion,SOX2(+),181,3681,0.07847118410802291,0.03241406449739866,0.03314917127071823,0.027709861450692746,2.3324426239808154,335144.5,0.630243251519679,True,0.7275269542653169
SOX2,cluster_16,lesion,SOX2(+),529,1229,0.13372471064308147,0.058583024183314056,0.28544423440453687,0.07567127746135069,0.9228695005329391,389872.0,2.345939966918969e-28,True,3.7535039470703506e-27
SOX2,cluster_10,lesion,SOX2(+),805,1646,0.03694079893888,0.03258117016247277,0.017391304347826087,0.01701093560145808,0.35245437629729137,662814.0,0.9356796019071066,True,0.9356796019071066
SOX2,cluster_18,lesion,SOX2(+),59,1540,0.14247910184355533,0.1451930705538861,0.2542372881355932,0.18636363636363637,-0.20785733926547068,47669.0,0.3462984303340251,False,0.47883239749889883
SOX2,cluster_26,lesion,SOX2(+),291,712,0.32218064247819445,0.15703519222910842,0.5189003436426117,0.16151685393258428,0.6499866711840379,136694.0,1.3852686346936876e-24,True,1.4104553371426638e-23
SOX2,cluster_28,lesion,SOX2(+),405,373,0.022092232211320725,0.0204853058382026,0.08641975308641975,0.040214477211796246,0.028326125617930492,78840.0,0.012976697081164603,True,0.026914630983156215
SOX2,cluster_9,lesion,SOX2(+),57,2739,0.1959340005216929,0.23745661483470312,0.2631578947368421,0.21686746987951808,-0.42125750563744296,79553.0,0.7321377125947872,False,0.8118754832734274
SOX2,cluster_5,lesion,SOX2(+),1426,2039,0.029179191623782113,0.022598776934624972,0.08976157082748948,0.03089749877390878,-0.05965238348058987,1536591.0,5.092725948577886e-13,False,2.5926604829123782e-12
SOX2,cluster_29,lesion,SOX2(+),132,446,0.4890011602602935,0.27384822227739297,0.553030303030303,0.3094170403587444,0.848587443239074,36491.0,1.2187019524140678e-06,True,3.7915171852882106e-06
SOX2,cluster_14,lesion,SOX2(+),685,1438,0.09350401580776685,0.057300413491151385,0.1897810218978102,0.056328233657858134,0.1962383626067768,554746.5,1.1022855260090295e-19,True,9.496613762539331e-19
SOX2,cluster_8,lesion,SOX2(+),64,3136,0.37270367864140147,0.40916575452377557,0.234375,0.22704081632653061,-0.336810641983861,99775.5,0.9145663882380504,False,0.9311948680241967
SOX2,cluster_31,lesion,SOX2(+),90,206,0.29979635776667746,0.2597983804627494,0.2777777777777778,0.20388349514563106,0.05394999571954447,9833.0,0.2571230281458199,True,0.369202296824767
SOX2,cluster_30,lesion,SOX2(+),226,273,0.04072156446956713,0.015108043508642829,0.03982300884955752,0.01098901098901099,1.4742624544201377,31733.0,0.0378538940337963,True,0.07066060219641976
SOX2,cluster_22,lesion,SOX2(+),1372,37,0.10304478156027294,0.06522572961336026,0.08454810495626822,0.08108108108108109,0.9913759007956521,25556.0,0.8828902416309009,True,0.9155898802098231
SOX2,cluster_0,lesion,SOX2(+),2105,2721,0.1747437823017223,0.0902371535413684,0.1021377672209026,0.04373392135244395,0.8952034845358375,3027282.5,1.00642538709342e-14,True,5.635982167723152e-14
SOX2,cluster_32,lesion,SOX2(+),84,128,0.3457244839799353,0.31152715536840103,0.42857142857142855,0.296875,-0.04483768718394186,5808.0,0.24577242547028288,False,0.35748716432041144
SOX2,cluster_27,lesion,SOX2(+),372,423,0.03450624309116345,0.01901632228036127,0.11559139784946236,0.030732860520094562,0.5372406209457895,85192.0,5.499808584569277e-06,True,1.6209962143993658e-05
SOX2,cluster_13,lesion,SOX2(+),2157,167,0.4285319230010344,0.36254135902287643,0.35095039406583217,0.2634730538922156,0.05584038693196285,192387.0,0.08298288664479354,True,0.140819444003286
SOX2,cluster_15,lesion,SOX2(+),747,1342,0.035699113940413564,0.01913913842789141,0.0749665327978581,0.040238450074515646,0.7573875180210653,518658.0,0.00065839497894534,True,0.001603048644388654
SOX2,cluster_19,lesion,SOX2(+),727,721,0.2957046175601492,0.22441809579314276,0.33837689133425036,0.14147018030513175,-0.26553128630241357,305101.0,5.385185765089075e-13,False,2.622351329086854e-12
SOX2,cluster_25,lesion,SOX2(+),529,607,0.08011714264737127,0.06117687176432498,0.07750472589792061,0.04612850082372323,0.06586105463409522,165442.0,0.03223147113533096,True,0.061185165545035045
SOX2,cluster_24,lesion,SOX2(+),1183,87,0.3891054364724509,0.3414931911764379,0.2603550295857988,0.2413793103448276,0.39344668102150726,52662.5,0.6365860849821523,True,0.7275269542653169
SOX2,cluster_12,lesion,SOX2(+),1692,659,0.6769768715352638,0.49999609584634724,0.6589834515366431,0.38391502276176026,0.1023319050669406,668623.5,5.875674765964734e-15,True,3.463555651516054e-14
SOX2,cluster_11,lesion,SOX2(+),1765,653,0.04930467009104358,0.04284863578584301,0.041926345609065156,0.026033690658499236,-0.4056273268870931,585094.5,0.0792044922513023,False,0.13647543280224395
SOX2,cluster_23,lesion,SOX2(+),1261,49,0.3502209950015159,0.4912395837444609,0.2735923869944489,0.46938775510204084,-0.20892529044525046,26091.0,0.019678832255116588,False,0.04007325841041924
SOX2,cluster_20,lesion,SOX2(+),1415,31,0.0451906592712426,0.07899967823212657,0.12932862190812722,0.1935483870967742,-0.6530632760116197,20290.0,0.2228890074548593,False,0.33364707870544613
