tf,dropped_sample,analysis_unit_col,gene_found,n_cells_remaining,lesion_cells_remaining,internal_control_cells_remaining,expr_mean_lesion,expr_mean_internal_control,expr_positive_fraction_lesion,expr_positive_fraction_internal_control,expr_log2fc,expr_direction,expr_p,expr_statistic,expr_fdr,full_data_expr_log2fc,expr_direction_consistent_with_full,expr_significant_fdr05,regulon,regulon_found,regulon_diff,regulon_direction,regulon_p,regulon_fdr,full_data_regulon_diff,regulon_direction_consistent_with_full,regulon_significant_fdr05,overall_consistency_flag
NFE2L2,FULL_DATA,sample_id,True,2322,888,1434,0.597972972972973,0.3716875871687587,0.3626126126126126,0.2824267782426778,0.6859897689279468,lesion,2.0400121525218367e-06,697518.5,2.8560170135305717e-06,0.6859897689279468,True,True,NFE2L2(+),True,0.0088982287939654,lesion,4.367644726134391e-20,4.662581558216919e-20,0.0088982287939654,True,True,True
THRB,FULL_DATA,sample_id,True,2322,888,1434,1.5337837837837838,1.9707112970711296,0.4425675675675675,0.6415620641562064,-0.3616213197615259,internal_control,1.359134660456853e-21,494129.5,4.756971311598985e-21,-0.3616213197615259,True,True,THRB(+),True,-0.2451540690346588,internal_control,3.8603762955303944e-116,2.702263406871276e-115,-0.2451540690346588,True,True,True
BHLHE40,FULL_DATA,sample_id,True,2322,888,1434,0.2173423423423423,0.0983263598326359,0.1587837837837837,0.0864714086471408,1.1443191191864623,lesion,5.563451290129728e-08,683719.0,9.736039757727024e-08,1.1443191191864623,True,True,BHLHE40(+),True,0.0202154966666537,lesion,2.1874907216400125e-35,3.0624870102960177e-35,0.0202154966666537,True,True,True
SOX2,FULL_DATA,sample_id,True,2322,888,1434,0.3310810810810811,0.207810320781032,0.2522522522522522,0.1757322175732217,0.6719172641411649,lesion,3.468132561875897e-06,687848.0,4.0461546555218806e-06,0.6719172641411649,True,True,SOX2(+),True,0.0962344414532012,lesion,4.4710813819065815e-67,7.824392418336518e-67,0.0962344414532012,True,True,True
HMGA1,FULL_DATA,sample_id,True,2322,888,1434,0.0754504504504504,0.0446304044630404,0.072072072072072,0.0411436541143654,0.7575026196052784,lesion,0.0012777557752058,656316.5,0.0012777557752058,0.7575026196052784,True,True,HMGA1(+),True,0.0154330608166063,lesion,4.662581558216919e-20,4.662581558216919e-20,0.0154330608166063,True,True,True
SATB2,FULL_DATA,sample_id,True,2322,888,1434,0.5844594594594594,0.9539748953974896,0.1756756756756756,0.4107391910739191,-0.7068483432200912,internal_control,2.1291395344764308e-32,482956.0,1.4903976741335015e-31,-0.7068483432200912,True,True,SATB2(+),True,-0.0705325673696943,internal_control,1.0567786168620208e-100,3.698725159017073e-100,-0.0705325673696943,True,True,True
RARB,FULL_DATA,sample_id,True,2322,888,1434,0.2308558558558558,0.3584379358437936,0.1126126126126126,0.2315202231520223,-0.6347310051122514,internal_control,2.6176237734857405e-12,562273.5,6.107788804800061e-12,-0.6347310051122514,True,True,RARB(+),True,-0.0461046099896761,internal_control,5.619653643887133e-83,1.3112525169069976e-82,-0.0461046099896761,True,True,True
NFE2L2,GSM8299712,sample_id,True,1799,888,911,0.597972972972973,0.4138309549945115,0.3626126126126126,0.3029637760702525,0.5310387139138827,lesion,0.0012465815756964,434042.5,0.0014543451716458,0.6859897689279468,True,True,NFE2L2(+),True,0.0063189965810259,lesion,5.499104579031139e-10,6.415622008869661e-10,0.0088982287939654,True,True,True
THRB,GSM8299712,sample_id,True,1799,888,911,1.5337837837837838,2.10318331503842,0.4425675675675675,0.575192096597146,-0.4554794800175104,internal_control,1.4011078346234479e-11,334915.0,9.222241175933938e-11,-0.3616213197615259,True,True,THRB(+),True,-0.1571087938166073,internal_control,4.0245368963596577e-48,2.8171758274517603e-47,-0.2451540690346588,True,True,True
BHLHE40,GSM8299712,sample_id,True,1799,888,911,0.2173423423423423,0.1031833150384193,0.1587837837837837,0.0911086717892425,1.0747595556984164,lesion,8.800884048269747e-06,432522.0,1.5401547084472055e-05,1.1443191191864623,True,True,BHLHE40(+),True,0.0118379983125155,lesion,3.0559778107519266e-11,4.278368935052697e-11,0.0202154966666537,True,True,True
SOX2,GSM8299712,sample_id,True,1799,888,911,0.3310810810810811,0.2239297475301866,0.2522522522522522,0.1877058177826564,0.5641383782317181,lesion,0.0004838934428605,432178.0,0.0006774508200047,0.6719172641411649,True,True,SOX2(+),True,0.0534660529810942,lesion,5.690716666786691e-19,9.958754166876709e-19,0.0962344414532012,True,True,True
HMGA1,GSM8299712,sample_id,True,1799,888,911,0.0754504504504504,0.0450054884742041,0.072072072072072,0.0417124039517014,0.7454285503567464,lesion,0.005540441342185,416725.0,0.005540441342185,0.7575026196052784,True,True,HMGA1(+),True,0.0112367270962572,lesion,1.1672423963681502e-08,1.1672423963681502e-08,0.0154330608166063,True,True,True
SATB2,GSM8299712,sample_id,True,1799,888,911,0.5844594594594594,0.8792535675082327,0.1756756756756756,0.3029637760702525,-0.5891763257712763,internal_control,2.6349260502668392e-11,349550.5,9.222241175933938e-11,-0.7068483432200912,True,True,SATB2(+),True,-0.0456545347489422,internal_control,1.9642612729801516e-32,6.874914455430529e-32,-0.0705325673696943,True,True,True
RARB,GSM8299712,sample_id,True,1799,888,911,0.2308558558558558,0.3326015367727771,0.1126126126126126,0.1909989023051591,-0.5268025046038353,internal_control,4.522002993946336e-06,372935.0,1.0551340319208118e-05,-0.6347310051122514,True,True,RARB(+),True,-0.0311095622867927,internal_control,1.1785090388601274e-28,2.749854424006964e-28,-0.0461046099896761,True,True,True
NFE2L2,GSM8299716,sample_id,True,1896,462,1434,0.645021645021645,0.3716875871687587,0.4199134199134199,0.2824267782426778,0.795257063344022,lesion,1.124037757953444e-09,382204.5,2.6227547685580366e-09,0.6859897689279468,True,True,NFE2L2(+),True,0.0156798464269356,lesion,3.870496762103052e-47,4.515579555786894e-47,0.0088982287939654,True,True,True
THRB,GSM8299716,sample_id,True,1896,462,1434,1.6147186147186148,1.9707112970711296,0.4891774891774891,0.6415620641562064,-0.2874336626314573,internal_control,1.2746402260318964e-10,268046.0,4.4612407911116376e-10,-0.3616213197615259,True,True,THRB(+),True,-0.2485328969988491,internal_control,8.558029100406947e-75,5.990620370284864e-74,-0.2451540690346588,True,True,True
BHLHE40,GSM8299716,sample_id,True,1896,462,1434,0.2207792207792207,0.0983263598326359,0.170995670995671,0.0864714086471408,1.1669542487205935,lesion,2.49806302265728e-07,359545.5,3.497288231720192e-07,1.1443191191864623,True,True,BHLHE40(+),True,0.0308881600856066,lesion,1.6776217981438792e-58,2.935838146751788e-58,0.0202154966666537,True,True,True
SOX2,GSM8299716,sample_id,True,1896,462,1434,0.3939393939393939,0.207810320781032,0.3008658008658009,0.1757322175732217,0.9227063837422432,lesion,1.5592954485552292e-09,374732.5,2.728767034971651e-09,0.6719172641411649,True,True,SOX2(+),True,0.1151874555246426,lesion,1.6589936266353454e-58,2.935838146751788e-58,0.0962344414532012,True,True,True
HMGA1,GSM8299716,sample_id,True,1896,462,1434,0.0454545454545454,0.0446304044630404,0.0432900432900432,0.0411436541143654,0.0263976894785128,lesion,0.8455563479805628,331944.5,0.8455563479805628,0.7575026196052784,True,False,HMGA1(+),True,0.0014936744565627,lesion,0.2566857874181826,0.2566857874181826,0.0154330608166063,True,False,True
SATB2,GSM8299716,sample_id,True,1896,462,1434,0.5974025974025974,0.9539748953974896,0.1774891774891775,0.4107391910739191,-0.6752477899192346,internal_control,2.2085016124922332e-20,250629.5,1.5459511287445632e-19,-0.7068483432200912,True,True,SATB2(+),True,-0.071045804203688,internal_control,8.818765409269245e-65,3.0865678932442355e-64,-0.0705325673696943,True,True,True
RARB,GSM8299716,sample_id,True,1896,462,1434,0.2683982683982684,0.3584379358437936,0.145021645021645,0.2315202231520223,-0.4173479701709038,internal_control,0.0001044737445003,303033.5,0.0001218860352504,-0.6347310051122514,True,True,RARB(+),True,-0.041552215279707,internal_control,1.462323092827159e-49,2.0472523299580227e-49,-0.0461046099896761,True,True,True
NFE2L2,GSM8299718,sample_id,True,1411,888,523,0.597972972972973,0.2982791586998088,0.3626126126126126,0.2466539196940726,1.0034170994146556,lesion,2.625796026131293e-07,263476.0,4.595143045729763e-07,0.6859897689279468,True,True,NFE2L2(+),True,0.013390925822623,lesion,1.1940059402957482e-24,1.1940059402957482e-24,0.0088982287939654,True,True,True
THRB,GSM8299718,sample_id,True,1411,888,523,1.5337837837837838,1.739961759082218,0.4425675675675675,0.7571701720841301,-0.1819604770656936,internal_control,2.0171287624761163e-25,159214.5,7.059950668666407e-25,-0.3616213197615259,True,True,THRB(+),True,-0.3985178275884733,internal_control,8.648466066464869e-160,3.0269631232627035e-159,-0.2451540690346588,True,True,True
BHLHE40,GSM8299718,sample_id,True,1411,888,523,0.2173423423423423,0.0898661567877629,0.1587837837837837,0.0783938814531548,1.2741194460713512,lesion,1.00251388214476e-05,251197.0,1.169599529168887e-05,1.1443191191864623,True,True,BHLHE40(+),True,0.0348080416009174,lesion,6.429776296816101e-61,9.001686815542541e-61,0.0202154966666537,True,True,True
SOX2,GSM8299718,sample_id,True,1411,888,523,0.3310810810810811,0.1797323135755258,0.2522522522522522,0.1548757170172084,0.8813347593861808,lesion,9.455275925824773e-06,255670.0,1.169599529168887e-05,0.6719172641411649,True,True,SOX2(+),True,0.1707315770136018,lesion,5.075186350732561e-122,8.881576113781982e-122,0.0962344414532012,True,True,True
HMGA1,GSM8299718,sample_id,True,1411,888,523,0.0754504504504504,0.0439770554493307,0.072072072072072,0.0401529636711281,0.7787784906130572,lesion,0.0154405738542931,239591.5,0.0154405738542931,0.7575026196052784,True,True,HMGA1(+),True,0.0227425446010002,lesion,5.293622160751992e-28,6.175892520877324e-28,0.0154330608166063,True,True,True
SATB2,GSM8299718,sample_id,True,1411,888,523,0.5844594594594594,1.0841300191204588,0.1756756756756756,0.5984703632887189,-0.8913629255498263,internal_control,9.964729742758909e-58,133405.5,6.975310819931236e-57,-0.7068483432200912,True,True,SATB2(+),True,-0.1138669607110045,internal_control,2.1444932441610437e-167,1.5011452709127302e-166,-0.0705325673696943,True,True,True
RARB,GSM8299718,sample_id,True,1411,888,523,0.2308558558558558,0.4034416826003824,0.1126126126126126,0.3021032504780114,-0.8053678166315404,internal_control,6.5915888010774426e-18,189338.5,1.53803738691807e-17,-0.6347310051122514,True,True,RARB(+),True,-0.072224090787624,internal_control,6.906750505097735e-132,1.6115751178561383e-131,-0.0461046099896761,True,True,True
NFE2L2,GSM8299720,sample_id,True,1860,426,1434,0.5469483568075117,0.3716875871687587,0.3004694835680751,0.2824267782426778,0.5573141091274156,lesion,0.2005733745241013,315314.0,0.2340022702781181,0.6859897689279468,True,False,NFE2L2(+),True,0.0015435167131386,lesion,0.7219997889410441,0.7219997889410441,0.0088982287939654,True,False,True
THRB,GSM8299720,sample_id,True,1860,426,1434,1.4460093896713615,1.9707112970711296,0.392018779342723,0.6415620641562064,-0.4466395208973318,internal_control,1.564823922195067e-17,226083.5,5.4768837276827337e-17,-0.3616213197615259,True,True,THRB(+),True,-0.2414897063129313,internal_control,3.317362112701895e-70,2.3221534788913264e-69,-0.2451540690346588,True,True,True
BHLHE40,GSM8299720,sample_id,True,1860,426,1434,0.2136150234741784,0.0983263598326359,0.1455399061032863,0.0864714086471408,1.1193629683571689,lesion,0.0002151599010108,324173.5,0.0003012238614151,1.1443191191864623,True,True,BHLHE40(+),True,0.0086409180291977,lesion,0.0021415864835872,0.0024985175641851,0.0202154966666537,True,True,True
SOX2,GSM8299720,sample_id,True,1860,426,1434,0.2629107981220657,0.207810320781032,0.1995305164319248,0.1757322175732217,0.3393060886165383,lesion,0.2385533930210652,313115.5,0.2385533930210652,0.6719172641411649,True,False,SOX2(+),True,0.075679764220793,lesion,6.252233464519858e-28,8.753126850327802e-28,0.0962344414532012,True,True,True
HMGA1,GSM8299720,sample_id,True,1860,426,1434,0.107981220657277,0.0446304044630404,0.1032863849765258,0.0411436541143654,1.2746816255683049,lesion,9.160907683474868e-07,324372.0,1.6031588446081018e-06,0.7575026196052784,True,True,HMGA1(+),True,0.0305504234887663,lesion,3.8521501218508015e-42,6.741262713238903e-42,0.0154330608166063,True,True,True
SATB2,GSM8299720,sample_id,True,1860,426,1434,0.5704225352112676,0.9539748953974896,0.1737089201877934,0.4107391910739191,-0.7419203217871803,internal_control,1.3518320761530811e-18,232326.5,9.462824533071568e-18,-0.7068483432200912,True,True,SATB2(+),True,-0.0699759584088843,internal_control,4.053681638530422e-61,1.4187885734856476e-60,-0.0705325673696943,True,True,True
RARB,GSM8299720,sample_id,True,1860,426,1434,0.1901408450704225,0.3584379358437936,0.0774647887323943,0.2315202231520223,-0.9146548542706304,internal_control,6.828230721353487e-12,259240.0,1.5932538349824803e-11,-0.6347310051122514,True,True,RARB(+),True,-0.0510417141117552,internal_control,1.2149127777054939e-54,2.834796481312819e-54,-0.0461046099896761,True,True,True
