combo_id,regulon_fdr_threshold,expr_abs_log2fc_threshold,positive_fraction_threshold,rule,n_retained,shortlist_members,core4_retained
1,0.01,0.0,0.0,regulon_significant_plus_direction,9,THRB;SATB2;RARB;SOX2;CEBPD;BHLHE40;ATF7;NFE2L2;HMGA1,NFE2L2;THRB;BHLHE40;SOX2
2,0.01,0.0,0.0,regulon_significant_plus_expression_significant,7,THRB;SATB2;RARB;SOX2;BHLHE40;NFE2L2;HMGA1,NFE2L2;THRB;BHLHE40;SOX2
3,0.01,0.0,0.0,regulon_significant_plus_expression_significant_plus_direction,7,THRB;SATB2;RARB;SOX2;BHLHE40;NFE2L2;HMGA1,NFE2L2;THRB;BHLHE40;SOX2
4,0.01,0.0,0.05,regulon_significant_plus_direction,8,THRB;SATB2;RARB;SOX2;BHLHE40;ATF7;NFE2L2;HMGA1,NFE2L2;THRB;BHLHE40;SOX2
5,0.01,0.0,0.05,regulon_significant_plus_expression_significant,7,THRB;SATB2;RARB;SOX2;BHLHE40;NFE2L2;HMGA1,NFE2L2;THRB;BHLHE40;SOX2
6,0.01,0.0,0.05,regulon_significant_plus_expression_significant_plus_direction,7,THRB;SATB2;RARB;SOX2;BHLHE40;NFE2L2;HMGA1,NFE2L2;THRB;BHLHE40;SOX2
7,0.01,0.0,0.1,regulon_significant_plus_direction,7,THRB;SATB2;RARB;SOX2;BHLHE40;ATF7;NFE2L2,NFE2L2;THRB;BHLHE40;SOX2
8,0.01,0.0,0.1,regulon_significant_plus_expression_significant,6,THRB;SATB2;RARB;SOX2;BHLHE40;NFE2L2,NFE2L2;THRB;BHLHE40;SOX2
9,0.01,0.0,0.1,regulon_significant_plus_expression_significant_plus_direction,6,THRB;SATB2;RARB;SOX2;BHLHE40;NFE2L2,NFE2L2;THRB;BHLHE40;SOX2
10,0.01,0.25,0.0,regulon_significant_plus_direction,7,THRB;SATB2;RARB;SOX2;BHLHE40;NFE2L2;HMGA1,NFE2L2;THRB;BHLHE40;SOX2
11,0.01,0.25,0.0,regulon_significant_plus_expression_significant,7,THRB;SATB2;RARB;SOX2;BHLHE40;NFE2L2;HMGA1,NFE2L2;THRB;BHLHE40;SOX2
12,0.01,0.25,0.0,regulon_significant_plus_expression_significant_plus_direction,7,THRB;SATB2;RARB;SOX2;BHLHE40;NFE2L2;HMGA1,NFE2L2;THRB;BHLHE40;SOX2
13,0.01,0.25,0.05,regulon_significant_plus_direction,7,THRB;SATB2;RARB;SOX2;BHLHE40;NFE2L2;HMGA1,NFE2L2;THRB;BHLHE40;SOX2
14,0.01,0.25,0.05,regulon_significant_plus_expression_significant,7,THRB;SATB2;RARB;SOX2;BHLHE40;NFE2L2;HMGA1,NFE2L2;THRB;BHLHE40;SOX2
15,0.01,0.25,0.05,regulon_significant_plus_expression_significant_plus_direction,7,THRB;SATB2;RARB;SOX2;BHLHE40;NFE2L2;HMGA1,NFE2L2;THRB;BHLHE40;SOX2
16,0.01,0.25,0.1,regulon_significant_plus_direction,6,THRB;SATB2;RARB;SOX2;BHLHE40;NFE2L2,NFE2L2;THRB;BHLHE40;SOX2
17,0.01,0.25,0.1,regulon_significant_plus_expression_significant,6,THRB;SATB2;RARB;SOX2;BHLHE40;NFE2L2,NFE2L2;THRB;BHLHE40;SOX2
18,0.01,0.25,0.1,regulon_significant_plus_expression_significant_plus_direction,6,THRB;SATB2;RARB;SOX2;BHLHE40;NFE2L2,NFE2L2;THRB;BHLHE40;SOX2
19,0.01,0.5,0.0,regulon_significant_plus_direction,6,SATB2;RARB;SOX2;BHLHE40;NFE2L2;HMGA1,NFE2L2;BHLHE40;SOX2
20,0.01,0.5,0.0,regulon_significant_plus_expression_significant,6,SATB2;RARB;SOX2;BHLHE40;NFE2L2;HMGA1,NFE2L2;BHLHE40;SOX2
21,0.01,0.5,0.0,regulon_significant_plus_expression_significant_plus_direction,6,SATB2;RARB;SOX2;BHLHE40;NFE2L2;HMGA1,NFE2L2;BHLHE40;SOX2
22,0.01,0.5,0.05,regulon_significant_plus_direction,6,SATB2;RARB;SOX2;BHLHE40;NFE2L2;HMGA1,NFE2L2;BHLHE40;SOX2
23,0.01,0.5,0.05,regulon_significant_plus_expression_significant,6,SATB2;RARB;SOX2;BHLHE40;NFE2L2;HMGA1,NFE2L2;BHLHE40;SOX2
24,0.01,0.5,0.05,regulon_significant_plus_expression_significant_plus_direction,6,SATB2;RARB;SOX2;BHLHE40;NFE2L2;HMGA1,NFE2L2;BHLHE40;SOX2
25,0.01,0.5,0.1,regulon_significant_plus_direction,5,SATB2;RARB;SOX2;BHLHE40;NFE2L2,NFE2L2;BHLHE40;SOX2
26,0.01,0.5,0.1,regulon_significant_plus_expression_significant,5,SATB2;RARB;SOX2;BHLHE40;NFE2L2,NFE2L2;BHLHE40;SOX2
27,0.01,0.5,0.1,regulon_significant_plus_expression_significant_plus_direction,5,SATB2;RARB;SOX2;BHLHE40;NFE2L2,NFE2L2;BHLHE40;SOX2
28,0.05,0.0,0.0,regulon_significant_plus_direction,9,THRB;SATB2;RARB;SOX2;CEBPD;BHLHE40;ATF7;NFE2L2;HMGA1,NFE2L2;THRB;BHLHE40;SOX2
29,0.05,0.0,0.0,regulon_significant_plus_expression_significant,7,THRB;SATB2;RARB;SOX2;BHLHE40;NFE2L2;HMGA1,NFE2L2;THRB;BHLHE40;SOX2
30,0.05,0.0,0.0,regulon_significant_plus_expression_significant_plus_direction,7,THRB;SATB2;RARB;SOX2;BHLHE40;NFE2L2;HMGA1,NFE2L2;THRB;BHLHE40;SOX2
31,0.05,0.0,0.05,regulon_significant_plus_direction,8,THRB;SATB2;RARB;SOX2;BHLHE40;ATF7;NFE2L2;HMGA1,NFE2L2;THRB;BHLHE40;SOX2
32,0.05,0.0,0.05,regulon_significant_plus_expression_significant,7,THRB;SATB2;RARB;SOX2;BHLHE40;NFE2L2;HMGA1,NFE2L2;THRB;BHLHE40;SOX2
33,0.05,0.0,0.05,regulon_significant_plus_expression_significant_plus_direction,7,THRB;SATB2;RARB;SOX2;BHLHE40;NFE2L2;HMGA1,NFE2L2;THRB;BHLHE40;SOX2
34,0.05,0.0,0.1,regulon_significant_plus_direction,7,THRB;SATB2;RARB;SOX2;BHLHE40;ATF7;NFE2L2,NFE2L2;THRB;BHLHE40;SOX2
35,0.05,0.0,0.1,regulon_significant_plus_expression_significant,6,THRB;SATB2;RARB;SOX2;BHLHE40;NFE2L2,NFE2L2;THRB;BHLHE40;SOX2
36,0.05,0.0,0.1,regulon_significant_plus_expression_significant_plus_direction,6,THRB;SATB2;RARB;SOX2;BHLHE40;NFE2L2,NFE2L2;THRB;BHLHE40;SOX2
37,0.05,0.25,0.0,regulon_significant_plus_direction,7,THRB;SATB2;RARB;SOX2;BHLHE40;NFE2L2;HMGA1,NFE2L2;THRB;BHLHE40;SOX2
38,0.05,0.25,0.0,regulon_significant_plus_expression_significant,7,THRB;SATB2;RARB;SOX2;BHLHE40;NFE2L2;HMGA1,NFE2L2;THRB;BHLHE40;SOX2
39,0.05,0.25,0.0,regulon_significant_plus_expression_significant_plus_direction,7,THRB;SATB2;RARB;SOX2;BHLHE40;NFE2L2;HMGA1,NFE2L2;THRB;BHLHE40;SOX2
40,0.05,0.25,0.05,regulon_significant_plus_direction,7,THRB;SATB2;RARB;SOX2;BHLHE40;NFE2L2;HMGA1,NFE2L2;THRB;BHLHE40;SOX2
41,0.05,0.25,0.05,regulon_significant_plus_expression_significant,7,THRB;SATB2;RARB;SOX2;BHLHE40;NFE2L2;HMGA1,NFE2L2;THRB;BHLHE40;SOX2
42,0.05,0.25,0.05,regulon_significant_plus_expression_significant_plus_direction,7,THRB;SATB2;RARB;SOX2;BHLHE40;NFE2L2;HMGA1,NFE2L2;THRB;BHLHE40;SOX2
43,0.05,0.25,0.1,regulon_significant_plus_direction,6,THRB;SATB2;RARB;SOX2;BHLHE40;NFE2L2,NFE2L2;THRB;BHLHE40;SOX2
44,0.05,0.25,0.1,regulon_significant_plus_expression_significant,6,THRB;SATB2;RARB;SOX2;BHLHE40;NFE2L2,NFE2L2;THRB;BHLHE40;SOX2
45,0.05,0.25,0.1,regulon_significant_plus_expression_significant_plus_direction,6,THRB;SATB2;RARB;SOX2;BHLHE40;NFE2L2,NFE2L2;THRB;BHLHE40;SOX2
46,0.05,0.5,0.0,regulon_significant_plus_direction,6,SATB2;RARB;SOX2;BHLHE40;NFE2L2;HMGA1,NFE2L2;BHLHE40;SOX2
47,0.05,0.5,0.0,regulon_significant_plus_expression_significant,6,SATB2;RARB;SOX2;BHLHE40;NFE2L2;HMGA1,NFE2L2;BHLHE40;SOX2
48,0.05,0.5,0.0,regulon_significant_plus_expression_significant_plus_direction,6,SATB2;RARB;SOX2;BHLHE40;NFE2L2;HMGA1,NFE2L2;BHLHE40;SOX2
49,0.05,0.5,0.05,regulon_significant_plus_direction,6,SATB2;RARB;SOX2;BHLHE40;NFE2L2;HMGA1,NFE2L2;BHLHE40;SOX2
50,0.05,0.5,0.05,regulon_significant_plus_expression_significant,6,SATB2;RARB;SOX2;BHLHE40;NFE2L2;HMGA1,NFE2L2;BHLHE40;SOX2
51,0.05,0.5,0.05,regulon_significant_plus_expression_significant_plus_direction,6,SATB2;RARB;SOX2;BHLHE40;NFE2L2;HMGA1,NFE2L2;BHLHE40;SOX2
52,0.05,0.5,0.1,regulon_significant_plus_direction,5,SATB2;RARB;SOX2;BHLHE40;NFE2L2,NFE2L2;BHLHE40;SOX2
53,0.05,0.5,0.1,regulon_significant_plus_expression_significant,5,SATB2;RARB;SOX2;BHLHE40;NFE2L2,NFE2L2;BHLHE40;SOX2
54,0.05,0.5,0.1,regulon_significant_plus_expression_significant_plus_direction,5,SATB2;RARB;SOX2;BHLHE40;NFE2L2,NFE2L2;BHLHE40;SOX2
55,0.1,0.0,0.0,regulon_significant_plus_direction,9,THRB;SATB2;RARB;SOX2;CEBPD;BHLHE40;ATF7;NFE2L2;HMGA1,NFE2L2;THRB;BHLHE40;SOX2
56,0.1,0.0,0.0,regulon_significant_plus_expression_significant,7,THRB;SATB2;RARB;SOX2;BHLHE40;NFE2L2;HMGA1,NFE2L2;THRB;BHLHE40;SOX2
57,0.1,0.0,0.0,regulon_significant_plus_expression_significant_plus_direction,7,THRB;SATB2;RARB;SOX2;BHLHE40;NFE2L2;HMGA1,NFE2L2;THRB;BHLHE40;SOX2
58,0.1,0.0,0.05,regulon_significant_plus_direction,8,THRB;SATB2;RARB;SOX2;BHLHE40;ATF7;NFE2L2;HMGA1,NFE2L2;THRB;BHLHE40;SOX2
59,0.1,0.0,0.05,regulon_significant_plus_expression_significant,7,THRB;SATB2;RARB;SOX2;BHLHE40;NFE2L2;HMGA1,NFE2L2;THRB;BHLHE40;SOX2
60,0.1,0.0,0.05,regulon_significant_plus_expression_significant_plus_direction,7,THRB;SATB2;RARB;SOX2;BHLHE40;NFE2L2;HMGA1,NFE2L2;THRB;BHLHE40;SOX2
61,0.1,0.0,0.1,regulon_significant_plus_direction,7,THRB;SATB2;RARB;SOX2;BHLHE40;ATF7;NFE2L2,NFE2L2;THRB;BHLHE40;SOX2
62,0.1,0.0,0.1,regulon_significant_plus_expression_significant,6,THRB;SATB2;RARB;SOX2;BHLHE40;NFE2L2,NFE2L2;THRB;BHLHE40;SOX2
63,0.1,0.0,0.1,regulon_significant_plus_expression_significant_plus_direction,6,THRB;SATB2;RARB;SOX2;BHLHE40;NFE2L2,NFE2L2;THRB;BHLHE40;SOX2
64,0.1,0.25,0.0,regulon_significant_plus_direction,7,THRB;SATB2;RARB;SOX2;BHLHE40;NFE2L2;HMGA1,NFE2L2;THRB;BHLHE40;SOX2
65,0.1,0.25,0.0,regulon_significant_plus_expression_significant,7,THRB;SATB2;RARB;SOX2;BHLHE40;NFE2L2;HMGA1,NFE2L2;THRB;BHLHE40;SOX2
66,0.1,0.25,0.0,regulon_significant_plus_expression_significant_plus_direction,7,THRB;SATB2;RARB;SOX2;BHLHE40;NFE2L2;HMGA1,NFE2L2;THRB;BHLHE40;SOX2
67,0.1,0.25,0.05,regulon_significant_plus_direction,7,THRB;SATB2;RARB;SOX2;BHLHE40;NFE2L2;HMGA1,NFE2L2;THRB;BHLHE40;SOX2
68,0.1,0.25,0.05,regulon_significant_plus_expression_significant,7,THRB;SATB2;RARB;SOX2;BHLHE40;NFE2L2;HMGA1,NFE2L2;THRB;BHLHE40;SOX2
69,0.1,0.25,0.05,regulon_significant_plus_expression_significant_plus_direction,7,THRB;SATB2;RARB;SOX2;BHLHE40;NFE2L2;HMGA1,NFE2L2;THRB;BHLHE40;SOX2
70,0.1,0.25,0.1,regulon_significant_plus_direction,6,THRB;SATB2;RARB;SOX2;BHLHE40;NFE2L2,NFE2L2;THRB;BHLHE40;SOX2
71,0.1,0.25,0.1,regulon_significant_plus_expression_significant,6,THRB;SATB2;RARB;SOX2;BHLHE40;NFE2L2,NFE2L2;THRB;BHLHE40;SOX2
72,0.1,0.25,0.1,regulon_significant_plus_expression_significant_plus_direction,6,THRB;SATB2;RARB;SOX2;BHLHE40;NFE2L2,NFE2L2;THRB;BHLHE40;SOX2
73,0.1,0.5,0.0,regulon_significant_plus_direction,6,SATB2;RARB;SOX2;BHLHE40;NFE2L2;HMGA1,NFE2L2;BHLHE40;SOX2
74,0.1,0.5,0.0,regulon_significant_plus_expression_significant,6,SATB2;RARB;SOX2;BHLHE40;NFE2L2;HMGA1,NFE2L2;BHLHE40;SOX2
75,0.1,0.5,0.0,regulon_significant_plus_expression_significant_plus_direction,6,SATB2;RARB;SOX2;BHLHE40;NFE2L2;HMGA1,NFE2L2;BHLHE40;SOX2
76,0.1,0.5,0.05,regulon_significant_plus_direction,6,SATB2;RARB;SOX2;BHLHE40;NFE2L2;HMGA1,NFE2L2;BHLHE40;SOX2
77,0.1,0.5,0.05,regulon_significant_plus_expression_significant,6,SATB2;RARB;SOX2;BHLHE40;NFE2L2;HMGA1,NFE2L2;BHLHE40;SOX2
78,0.1,0.5,0.05,regulon_significant_plus_expression_significant_plus_direction,6,SATB2;RARB;SOX2;BHLHE40;NFE2L2;HMGA1,NFE2L2;BHLHE40;SOX2
79,0.1,0.5,0.1,regulon_significant_plus_direction,5,SATB2;RARB;SOX2;BHLHE40;NFE2L2,NFE2L2;BHLHE40;SOX2
80,0.1,0.5,0.1,regulon_significant_plus_expression_significant,5,SATB2;RARB;SOX2;BHLHE40;NFE2L2,NFE2L2;BHLHE40;SOX2
81,0.1,0.5,0.1,regulon_significant_plus_expression_significant_plus_direction,5,SATB2;RARB;SOX2;BHLHE40;NFE2L2,NFE2L2;BHLHE40;SOX2
